tanggal,kode,nama,tier,score,entry,tp1,tp2,cl,close,high,status,pnl_pct,max_pnl_pct,hari_ke
2026-07-07,TPIA,Chandra Asri Pacific,T2,6,1850,2050,2200,1750,1885,1915,TRAIL,1.89,3.51,1
2026-07-07,ANTM,Aneka Tambang,T2,5,2850,3200,3450,2750,2940,2970,TRAIL,3.16,4.21,1
2026-07-07,DEWA,Darma Henwa Tbk,T3,4,300,325,350,300,314,320,TRAIL,4.67,6.67,1
2026-07-08,TPIA,Chandra Asri Pacific,T2,6,1850,2050,2200,1750,1785,1885,HOLD,-3.51,1.89,2
2026-07-08,ANTM,Aneka Tambang,T2,5,2850,3150,3450,2700,2790,2920,HOLD,-2.11,2.46,2
2026-07-08,DEWA,Darma Henwa Tbk,T3,4,300,325,350,275,298,310,TRAIL,-0.67,3.33,2
2026-07-09,TPIA,Chandra Asri Pacific,T3,3,1700,1900,2050,1650,1825,1860,TRAIL,7.35,9.41,2
2026-07-09,ANTM,Aneka Tambang,T3,3,2700,3000,3200,2550,2850,2860,TRAIL,5.56,5.93,2
2026-07-10,DEWA,Darma Henwa Tbk,T1,7,325,350,375,300,338,344,TRAIL,4.0,5.85,2
2026-07-10,BUMI,Bumi Resources Tbk,T3,4,140,150,160,130,142,143,HOLD,1.43,2.14,2
2026-07-10,ANTM,Aneka Tambang,T3,3,2750,3050,3250,2600,2900,2930,TRAIL,5.45,6.55,2
2026-07-13,DEWA,Darma Henwa Tbk,T2,6,325,375,400,325,346,346,TRAIL,6.46,6.46,2
2026-07-13,ADMR,Alamtri Minerals,T2,5,1400,1550,1700,1350,1500,1500,TRAIL,7.14,7.14,2
2026-07-13,TLKM,Telkom Indonesia,T3,4,2400,2650,2850,2300,2510,2520,TRAIL,4.58,5.0,2
2026-07-14,BIPI,Hindia Energi Tbk,T1,7,130,150,160,130,146,150,TRAIL,12.31,15.38,2
2026-07-14,ADMR,Alamtri Minerals,T2,6,1450,1600,1750,1400,1500,1535,TRAIL,3.45,5.86,2
2026-07-14,ANTM,Aneka Tambang,T2,6,2850,3150,3400,2700,2920,2950,TRAIL,2.46,3.51,2
2026-07-15,TPIA,Chandra Asri Pacific,T1,8,1800,2050,2200,1750,1910,1955,TRAIL,6.11,8.61,2
2026-07-15,BUMI,Bumi Resources Tbk,T1,8,140,160,170,140,148,152,TRAIL,5.71,8.57,2
2026-07-15,BIPI,Hindia Energi Tbk,T1,8,140,160,170,140,141,150,TRAIL,0.71,7.14,2
2026-07-16,ANTM,Aneka Tambang,T1,8,2950,3300,3550,2850,3080,3090,TRAIL,4.41,4.75,2
2026-07-16,ASPR,Asia Pramulia Tbk,T1,8,160,170,190,150,155,163,HOLD,-3.12,1.88,2
2026-07-16,DEWA,Darma Henwa Tbk,T2,6,350,400,425,325,370,378,TRAIL,5.71,8.0,2
2026-07-17,ADMR,Alamtri Minerals,T1,7,1500,1650,1750,1450,1530,1540,HOLD,2.0,2.67,2
2026-07-17,ANTM,Aneka Tambang,T1,7,3000,3350,3550,2900,3070,3070,HOLD,2.33,2.33,2
2026-07-17,DEWA,Darma Henwa Tbk,T2,6,350,400,425,350,364,374,TRAIL,4.0,6.86,2
2026-07-20,ADMR,Alamtri Minerals,T2,6,1500,1650,1800,1400,1560,1595,TRAIL,4.0,6.33,2
2026-07-20,ANTM,Aneka Tambang,T2,6,3000,3300,3600,2850,3000,3070,HOLD,0.0,2.33,2
2026-07-20,TLKM,Telkom Indonesia,T2,6,2600,2850,3100,2450,2710,2750,TRAIL,4.23,5.77,2
2026-07-21,TPIA,Chandra Asri Pacific,T1,7,2050,2300,2450,2000,2250,2300,TRAIL,9.76,12.2,2
2026-07-21,TLKM,Telkom Indonesia,T1,7,2650,2950,3150,2550,2750,2770,TRAIL,3.77,4.53,2
2026-07-21,DEWA,Darma Henwa Tbk,T2,6,375,425,475,375,440,450,WIN,17.33,20.0,2
2026-07-22,TPIA,Chandra Asri Pacific,T1,8,2200,2450,2600,2100,2280,2350,TRAIL,3.64,6.82,2
2026-07-22,BUMI,Bumi Resources Tbk,T1,8,160,180,190,160,168,170,TRAIL,5.0,6.25,2
2026-07-22,CUAN,Petrindo Jaya Kreasi,T1,8,700,800,850,700,720,755,TRAIL,2.86,7.86,2
2026-07-23,CUAN,Petrindo Jaya Kreasi,T1,7,700,800,850,650,755,825,TRAIL,7.86,17.86,2
2026-07-23,BUMI,Bumi Resources Tbk,T2,6,160,180,200,160,183,196,WIN,14.37,22.5,2
2026-07-23,TPIA,Chandra Asri Pacific,T2,5,2200,2450,2650,2100,2170,2370,TRAIL,-1.36,7.73,2
2026-07-24,BIPI,Hindia Energi Tbk,T1,7,160,180,190,150,152,165,TRAIL,-5.0,3.12,2
2026-07-24,CUAN,Petrindo Jaya Kreasi,T1,7,750,800,900,700,700,755,LOSS,-6.67,0.67,2
2026-07-24,TPIA,Chandra Asri Pacific,T2,6,2100,2350,2550,2000,2100,2140,HOLD,0.0,1.9,2
2026-07-27,BUMI,Bumi Resources Tbk,T2,6,170,180,200,160,170,176,TRAIL,0.0,3.53,2
2026-07-27,DEWA,Darma Henwa Tbk,T2,5,425,475,525,400,442,456,TRAIL,4.0,7.29,2
2026-07-27,ASPR,Asia Pramulia Tbk,T2,5,150,160,180,140,145,153,HOLD,-3.33,2.0,2
2026-07-28,BUMI,Bumi Resources Tbk,T2,5,160,180,200,160,165,173,TRAIL,3.12,8.12,2
2026-07-28,TPIA,Chandra Asri Pacific,T3,4,2000,2250,2400,1900,2090,2150,TRAIL,4.5,7.5,2
2026-07-28,DEWA,Darma Henwa Tbk,T3,4,425,475,500,400,444,456,TRAIL,4.47,7.29,2
2026-07-29,TPIA,Chandra Asri Pacific,T3,4,2000,2250,2400,1900,2200,2240,TRAIL,10.0,12.0,2
2026-07-29,BUMI,Bumi Resources Tbk,T3,4,160,180,190,150,159,169,TRAIL,-0.62,5.62,2
2026-07-29,CUAN,Petrindo Jaya Kreasi,T3,4,650,700,750,600,660,690,TRAIL,1.54,6.15,2
2026-07-30,TPIA,Chandra Asri Pacific,T2,6,2150,2400,2550,2050,2110,2200,HOLD,-1.86,2.33,2
2026-07-30,DEWA,Darma Henwa Tbk,T3,4,425,475,500,400,450,454,TRAIL,5.88,6.82,2
2026-07-30,BUMI,Bumi Resources Tbk,T3,4,150,170,180,150,162,164,TRAIL,8.0,9.33,2
2026-07-31,TPIA,Chandra Asri Pacific,T2,6,2050,2300,2450,1950,2160,2180,TRAIL,5.37,6.34,2
2026-07-31,TLKM,Telkom Indonesia,T2,6,2600,2900,3100,2500,2630,2680,TRAIL,1.15,3.08,2
2026-07-31,ADMR,Alamtri Minerals,T2,5,1450,1600,1750,1400,1515,1525,TRAIL,4.48,5.17,2
2026-08-03,ADMR,Alamtri Minerals,T1,7,1450,1650,1750,1400,1500,1540,TRAIL,3.45,6.21,2
2026-08-03,TLKM,Telkom Indonesia,T1,7,2550,2850,3050,2450,2740,2740,TRAIL,7.45,7.45,2
2026-08-03,TPIA,Chandra Asri Pacific,T2,6,2100,2350,2550,2000,2080,2200,TRAIL,-0.95,4.76,2
2026-08-04,ADMR,Alamtri Minerals,T1,7,1450,1650,1750,1400,1605,1610,TRAIL,10.69,11.03,2
2026-08-04,TLKM,Telkom Indonesia,T1,7,2550,2850,3050,2450,2790,2790,TRAIL,9.41,9.41,2
2026-08-04,TPIA,Chandra Asri Pacific,T2,6,2100,2350,2550,2000,2070,2120,HOLD,-1.43,0.95,2
2026-08-05,ADMR,Alamtri Minerals,T1,7,1550,1750,1850,1500,1615,1655,TRAIL,4.19,6.77,2
2026-08-05,TLKM,Telkom Indonesia,T1,7,2700,3000,3250,2600,2710,2780,HOLD,0.37,2.96,2
2026-08-05,BIPI,Hindia Energi Tbk,T1,7,150,160,170,140,153,155,TRAIL,2.0,3.33,2
2026-08-06,ADMR,Alamtri Minerals,T1,9,1550,1750,1850,1500,1595,1650,TRAIL,2.9,6.45,2
2026-08-06,ANTM,Aneka Tambang,T1,8,3000,3300,3550,2850,3080,3180,TRAIL,2.67,6.0,2
2026-08-06,TLKM,Telkom Indonesia,T1,7,2650,2950,3150,2550,2650,2720,HOLD,0.0,2.64,2
2026-08-07,ANTM,Aneka Tambang,T1,8,3000,3350,3550,2900,3160,3170,TRAIL,5.33,5.67,1
2026-08-07,BUMI,Bumi Resources Tbk,T1,8,170,190,210,170,187,189,TRAIL,10.0,11.18,1
2026-08-07,CUAN,Petrindo Jaya Kreasi,T1,8,700,800,850,650,740,750,TRAIL,5.71,7.14,1
2026-08-10,CUAN,Petrindo Jaya Kreasi,T1,8,700,800,850,700,710,760,TRAIL,1.43,8.57,2
2026-08-10,TPIA,Chandra Asri Pacific,T1,7,2150,2400,2600,2100,2120,2270,TRAIL,-1.4,5.58,2
2026-08-10,ANTM,Aneka Tambang,T2,6,3050,3400,3700,2950,3140,3220,TRAIL,2.95,5.57,2
2026-08-11,TPIA,Chandra Asri Pacific,T1,8,2050,2300,2450,2000,2070,2150,TRAIL,0.98,4.88,2
2026-08-11,ANTM,Aneka Tambang,T1,7,3050,3400,3650,2950,3090,3210,TRAIL,1.31,5.25,2
2026-08-11,ASPR,Asia Pramulia Tbk,T1,7,150,170,180,150,151,162,TRAIL,0.67,8.0,2
2026-08-12,ANTM,Aneka Tambang,T2,5,3000,3350,3600,2850,3090,3120,TRAIL,3.0,4.0,2
2026-08-12,CUAN,Petrindo Jaya Kreasi,T2,5,700,800,850,650,870,880,WIN,24.29,25.71,2
2026-08-12,ASPR,Asia Pramulia Tbk,T2,5,150,160,180,140,151,155,TRAIL,0.67,3.33,2
2026-08-13,CUAN,Petrindo Jaya Kreasi,T2,5,850,950,1000,800,840,885,TRAIL,-1.18,4.12,2
2026-08-13,ASPR,Asia Pramulia Tbk,T2,5,150,160,180,140,161,167,WIN,7.33,11.33,2
2026-08-13,TPIA,Chandra Asri Pacific,T3,4,2050,2300,2450,2000,2060,2150,TRAIL,0.49,4.88,2
2026-08-14,ASPR,Asia Pramulia Tbk,T1,8,160,170,190,150,156,163,HOLD,-2.5,1.88,2
2026-08-14,CUAN,Petrindo Jaya Kreasi,T2,6,800,900,1000,800,825,885,TRAIL,3.12,10.62,2
2026-08-14,ADMR,Alamtri Minerals,T2,5,1500,1700,1850,1450,1680,1700,TRAIL,12.0,13.33,2
2026-08-18,ADMR,Alamtri Minerals,T1,8,1650,1800,1950,1550,1675,1740,TRAIL,1.52,5.45,2
2026-08-18,BUMI,Bumi Resources Tbk,T2,5,180,200,210,170,184,187,TRAIL,2.22,3.89,2
2026-08-18,ASPR,Asia Pramulia Tbk,T2,5,150,170,180,150,159,160,TRAIL,6.0,6.67,2
2026-08-19,ADMR,Alamtri Minerals,T1,8,1600,1800,1950,1550,1635,1670,TRAIL,2.19,4.38,2
2026-08-19,ANTM,Aneka Tambang,T2,6,3000,3350,3650,2900,3030,3110,TRAIL,1.0,3.67,2
2026-08-19,ASPR,Asia Pramulia Tbk,T2,6,150,170,190,150,160,163,TRAIL,6.67,8.67,2
2026-08-20,ADMR,Alamtri Minerals,T2,6,1600,1750,1900,1500,1690,1705,TRAIL,5.62,6.56,2
2026-08-20,BUMI,Bumi Resources Tbk,T2,6,180,200,210,170,190,191,TRAIL,5.56,6.11,2
2026-08-20,BIPI,Hindia Energi Tbk,T2,6,150,160,180,140,152,156,TRAIL,1.33,4.0,2
2026-08-21,ANTM,Aneka Tambang,T1,7,3050,3400,3650,2950,3170,3190,TRAIL,3.93,4.59,2
2026-08-21,BUMI,Bumi Resources Tbk,T1,7,180,210,220,180,196,202,TRAIL,8.89,12.22,2
2026-08-21,BIPI,Hindia Energi Tbk,T2,6,150,160,180,140,152,159,TRAIL,1.33,6.0,2
2026-08-24,BUMI,Bumi Resources Tbk,T1,8,190,210,230,180,194,202,TRAIL,2.11,6.32,2
2026-08-24,DEWA,Darma Henwa Tbk,T1,7,450,500,525,425,452,466,TRAIL,0.44,3.56,2
2026-08-24,BIPI,Hindia Energi Tbk,T1,7,150,160,180,140,148,154,HOLD,-1.33,2.67,2
2026-08-26,ADMR,Alamtri Minerals,T2,6,1650,1800,1950,1550,1685,1725,TRAIL,2.12,4.55,2
2026-08-26,ANTM,Aneka Tambang,T2,6,3100,3450,3750,2950,3160,3290,TRAIL,1.94,6.13,2
2026-08-26,TPIA,Chandra Asri Pacific,T2,5,1950,2150,2350,1850,1870,1995,HOLD,-4.1,2.31,2
2026-08-27,ADMR,Alamtri Minerals,T2,5,1650,1850,2000,1600,1720,1740,TRAIL,4.24,5.45,1
2026-08-27,ASPR,Asia Pramulia Tbk,T2,5,150,170,180,150,159,160,TRAIL,6.0,6.67,1
2026-08-27,ANTM,Aneka Tambang,T3,4,3000,3350,3600,2900,3180,3200,TRAIL,6.0,6.67,1
2026-08-28,ASPR,Asia Pramulia Tbk,T1,7,150,170,180,150,156,161,TRAIL,4.0,7.33,1
2026-08-28,CUAN,Petrindo Jaya Kreasi,T2,6,800,900,1000,800,810,855,TRAIL,1.25,6.88,1
2026-08-28,TPIA,Chandra Asri Pacific,T2,5,1950,2150,2350,1850,1965,2040,TRAIL,0.77,4.62,1
2026-08-31,ASPR,Asia Pramulia Tbk,T1,7,150,170,180,150,152,156,TRAIL,1.33,4.0,1
2026-08-31,ADMR,Alamtri Minerals,T2,5,1650,1850,2000,1600,1750,1785,TRAIL,6.06,8.18,1
2026-08-31,ANTM,Aneka Tambang,T2,5,3050,3400,3700,2950,3100,3130,HOLD,1.64,2.62,1
